,Environment,Epochs,Max return,Mean Return,Min return,No.Hidden,Std return,Training episodes per epoch,policy learning rate,value learning rate
0,Hopper-v2,3000.0,1019.545442652765,426.9581918018302,1019.545442652765,"[32, 32]",357.45857812925414,1.0,0.001,0.001
1,Hopper-v2,3000.0,991.5378444361612,151.37888098511266,991.5378444361612,"[64, 64]",165.72478616330514,1.0,0.001,0.001
2,Hopper-v2,3000.0,1047.2522606815996,764.4499462014644,1043.1725487828376,"[32, 32]",391.01891418634455,5.0,0.001,0.001
3,Hopper-v2,3000.0,367.61110923587717,881.564796144306,187.69613322237439,"[64, 64]",284.3249442628598,5.0,0.001,0.001
4,Hopper-v2,3000.0,9.637348154885725,20.638016780534954,9.637348154885725,"[32, 32]",20.856543136884426,1.0,1e-05,0.001
5,Hopper-v2,3000.0,48.1657123043099,55.22119281946788,48.1657123043099,"[64, 64]",48.09281036014598,1.0,1e-05,0.001
6,Hopper-v2,3000.0,113.67892533040408,35.54576753630178,50.22012668138804,"[32, 32]",41.8028307516418,5.0,1e-05,0.001
7,Hopper-v2,3000.0,225.27487696725953,63.36701716093515,61.09657675731248,"[64, 64]",48.58616708856711,5.0,1e-05,0.001
