,Environment,Epochs,Max return,Mean Return,Min return,No.Hidden,Std return,Training episodes per epoch,policy learning rate,value learning rate
0,LunarLander-v2,3000.0,0.0,-79.50108017056598,-12.155554408766434,"[32, 32]",84.75197324358234,1.0,0.001,0.001
1,LunarLander-v2,3000.0,15.710188878351744,-64.09979449505533,15.710188878351744,"[64, 64]",120.1461494716905,1.0,0.001,0.001
2,LunarLander-v2,3000.0,188.81314222918957,21.826098774470374,-1.5014827570152889,"[32, 32]",112.07953024378715,5.0,0.001,0.001
3,LunarLander-v2,3000.0,175.64300197414212,66.63250460918441,-128.33429696448627,"[64, 64]",126.55662271154785,5.0,0.001,0.001
4,LunarLander-v2,3000.0,0.0,-191.44147521263034,-251.67021402715235,"[32, 32]",113.64392457696782,1.0,1e-05,0.001
5,LunarLander-v2,3000.0,0.0,-196.04692163178615,-11.957179472819785,"[64, 64]",123.04912751101193,1.0,1e-05,0.001
6,LunarLander-v2,3000.0,0.0,-178.55387871101217,-211.45853594974997,"[32, 32]",106.58512572957063,5.0,1e-05,0.001
7,LunarLander-v2,3000.0,0.0,-169.07306293469594,-324.1230685277385,"[64, 64]",100.89766422788816,5.0,1e-05,0.001
