,Environment,Epochs,Max return,Mean Return,Min return,No.Hidden,Std return,Training episodes per epoch,policy learning rate,value learning rate
0,CartPole-v0,3000.0,200.0,181.62333333333333,200.0,"[32, 32]",48.9310327569253,1.0,0.001,0.001
1,CartPole-v0,3000.0,200.0,188.88766666666666,200.0,"[64, 64]",35.92068508019779,1.0,0.001,0.001
2,CartPole-v0,3000.0,200.0,192.33486666666667,200.0,"[32, 32]",32.54533848647771,5.0,0.001,0.001
3,CartPole-v0,3000.0,200.0,193.0702,200.0,"[64, 64]",29.140065169859774,5.0,0.001,0.001
4,CartPole-v0,3000.0,25.0,23.606333333333332,25.0,"[32, 32]",12.797305228035492,1.0,1e-05,0.001
5,CartPole-v0,3000.0,20.0,25.742333333333335,20.0,"[64, 64]",14.788051930100886,1.0,1e-05,0.001
6,CartPole-v0,3000.0,40.0,25.119333333333334,12.0,"[32, 32]",14.090181085878864,5.0,1e-05,0.001
7,CartPole-v0,3000.0,56.0,30.048,22.0,"[64, 64]",18.828095682042598,5.0,1e-05,0.001
