,Environment,Epochs,Max return,Mean Return,Min return,No.Hidden,Std return,Training episodes per epoch,policy learning rate,value learning rate
0,InvertedPendulum-v2,3000.0,4.0,35.05466666666667,4.0,"[32, 32]",101.4600937848198,1.0,0.001,0.001
1,InvertedPendulum-v2,3000.0,107.0,89.495,107.0,"[64, 64]",122.26798473957881,1.0,0.001,0.001
2,InvertedPendulum-v2,3000.0,49.0,151.35413333333332,43.0,"[32, 32]",312.8775534290736,5.0,0.001,0.001
3,InvertedPendulum-v2,3000.0,5.0,206.0028,4.0,"[64, 64]",351.3010508622739,5.0,0.001,0.001
4,InvertedPendulum-v2,3000.0,14.0,8.173,14.0,"[32, 32]",4.251893209192779,1.0,1e-05,0.001
5,InvertedPendulum-v2,3000.0,9.0,9.098666666666666,9.0,"[64, 64]",5.3819709570810135,1.0,1e-05,0.001
6,InvertedPendulum-v2,3000.0,12.0,8.407866666666667,3.0,"[32, 32]",4.561063049263102,5.0,1e-05,0.001
7,InvertedPendulum-v2,3000.0,24.0,11.784533333333334,8.0,"[64, 64]",7.386972488079571,5.0,1e-05,0.001
