{"initial_reset_timestamp": 1625779268.423607, "timestamps": [1625779273.852121], "episode_lengths": [161], "episode_rewards": [161.0], "episode_types": ["t"]}