{"initial_reset_timestamp": 1592001751.6620944, "timestamps": [1592001764.3708694], "episode_lengths": [762], "episode_rewards": [-21.0], "episode_types": ["t"]}