{"initial_reset_timestamp": 1591365915.540434, "timestamps": [1591365919.6902194], "episode_lengths": [200], "episode_rewards": [200.0], "episode_types": ["t"]}