{"initial_reset_timestamp": 1583828826.2174354, "timestamps": [1583828828.9211125, 1583828830.9222383, 1583828831.0320282, 1583828831.0754306, 1583828831.1174524], "episode_lengths": [200, 200, 200, 200, 200], "episode_rewards": [200.0, 200.0, 200.0, 200.0, 200.0], "episode_types": ["t", "t", "t", "t", "t"]}