{"initial_reset_timestamp": 1586438692.4496834, "timestamps": [1586438742.2361488], "episode_lengths": [1000], "episode_rewards": [839.3382731006166], "episode_types": ["t"]}