{"initial_reset_timestamp": 1583828515.7939093, "timestamps": [1583828517.7620418], "episode_lengths": [151], "episode_rewards": [95.76772705729988], "episode_types": ["t"]}