{"initial_reset_timestamp": 1583829052.0560987, "timestamps": [1583829054.7194042, 1583829056.8892095, 1583829057.1284642, 1583829057.2613406, 1583829057.3923793], "episode_lengths": [200, 200, 200, 200, 200], "episode_rewards": [200.0, 200.0, 200.0, 200.0, 200.0], "episode_types": ["t", "t", "t", "t", "t"]}